Workbook

Sheet Dashboard
A1: Payment Cycle Dashboard
A2: All figures calculated live from Invoice Ledger
A4: Metric | B4: Value
A5: Total Invoices | B5: =COUNTA('Invoice Ledger'!A2:A421) -> 420
A6: Total Billed ($) | B6: =SUM('Invoice Ledger'!F2:F421) -> 2211832.8
A7: Open AR Balance ($) | B7: =SUMIFS('Invoice Ledger'!F2:F421,'Invoice Ledger'!H2:H421,"Open") -> 243261.67
A8: Avg Days to Pay | B8: =AVERAGEIFS('Invoice Ledger'!I2:I421,'Invoice Ledger'!H2:H421,"Paid") -> 39.233871
A9: % Paid On Time | B9: =COUNTIFS('Invoice Ledger'!H2:H421,"Paid",'Invoice Ledger'!J2:J421,"<=0")/COUNTIFS('Invoice Ledger'!H2:H421,"Paid") -> 0.50268817
A10: % Open AR 90+ Days | B10: ='Aging Analysis'!C8 -> 0
A12: Note: DSO target = 45 days. See README for methodology.

Sheet Invoice Ledger
A1: Invoice ID | B1: Customer | C1: Issue Date | D1: Due Date | E1: Terms (days) | F1: Amount ($) | G1: Paid Date | H1: Status | I1: Days to Pay | J1: Days Past Due | K1: Aging Bucket
A2: INV-1000 | B2: Customer 001 | C2: 2025-09-22 | D2: 2025-11-06 | E2: 45 | F2: 4230.16 | G2: 2025-11-20 | H2: =IF(G2="","Open","Paid") -> Paid | I2: =IF(G2="","",DATEVALUE(G2)-DATEVALUE(C2)) -> 59 | J2: =IF(G2="",TODAY()-DATEVALUE(D2),DATEVALUE(G2)-DATEVALUE(D2)) -> 14 | K2: =IF(J2<=0,"Current",IF(J2<=30,"1-30 days",IF(J2<=60,"31-60 days",IF(J2<=90,"61-90 days","90+ days")))) -> 1-30 days
A3: INV-1001 | B3: Customer 037 | C3: 2026-01-22 | D3: 2026-02-21 | E3: 30 | F3: 5582.36 | G3: 2026-02-12 | H3: =IF(G3="","Open","Paid") -> Paid | I3: =IF(G3="","",DATEVALUE(G3)-DATEVALUE(C3)) -> 21 | J3: =IF(G3="",TODAY()-DATEVALUE(D3),DATEVALUE(G3)-DATEVALUE(D3)) -> -9 | K3: =IF(J3<=0,"Current",IF(J3<=30,"1-30 days",IF(J3<=60,"31-60 days",IF(J3<=90,"61-90 days","90+ days")))) -> Current
A4: INV-1002 | B4: Customer 039 | C4: 2025-08-22 | D4: 2025-09-21 | E4: 30 | F4: 3180.44 | G4: 2025-09-23 | H4: =IF(G4="","Open","Paid") -> Paid | I4: =IF(G4="","",DATEVALUE(G4)-DATEVALUE(C4)) -> 32 | J4: =IF(G4="",TODAY()-DATEVALUE(D4),DATEVALUE(G4)-DATEVALUE(D4)) -> 2 | K4: =IF(J4<=0,"Current",IF(J4<=30,"1-30 days",IF(J4<=60,"31-60 days",IF(J4<=90,"61-90 days","90+ days")))) -> 1-30 days
A5: INV-1003 | B5: Customer 023 | C5: 2025-10-20 | D5: 2025-11-19 | E5: 30 | F5: 3712.69 | G5: 2025-11-19 | H5: =IF(G5="","Open","Paid") -> Paid | I5: =IF(G5="","",DATEVALUE(G5)-DATEVALUE(C5)) -> 30 | J5: =IF(G5="",TODAY()-DATEVALUE(D5),DATEVALUE(G5)-DATEVALUE(D5)) -> 0 | K5: =IF(J5<=0,"Current",IF(J5<=30,"1-30 days",IF(J5<=60,"31-60 days",IF(J5<=90,"61-90 days","90+ days")))) -> Current
A6: INV-1004 | B6: Customer 029 | C6: 2026-05-27 | D6: 2026-07-11 | E6: 45 | F6: 5648.67 | H6: =IF(G6="","Open","Paid") -> Open | I6: =IF(G6="","",DATEVALUE(G6)-DATEVALUE(C6)) | J6: =IF(G6="",TODAY()-DATEVALUE(D6),DATEVALUE(G6)-DATEVALUE(D6)) -> -8 | K6: =IF(J6<=0,"Current",IF(J6<=30,"1-30 days",IF(J6<=60,"31-60 days",IF(J6<=90,"61-90 days","90+ days")))) -> Current
A7: INV-1005 | B7: Customer 048 | C7: 2025-07-10 | D7: 2025-08-24 | E7: 45 | F7: 3519.85 | G7: 2025-08-15 | H7: =IF(G7="","Open","Paid") -> Paid | I7: =IF(G7="","",DATEVALUE(G7)-DATEVALUE(C7)) -> 36 | J7: =IF(G7="",TODAY()-DATEVALUE(D7),DATEVALUE(G7)-DATEVALUE(D7)) -> -9 | K7: =IF(J7<=0,"Current",IF(J7<=30,"1-30 days",IF(J7<=60,"31-60 days",IF(J7<=90,"61-90 days","90+ days")))) -> Current
A8: INV-1006 | B8: Customer 023 | C8: 2025-09-26 | D8: 2025-10-26 | E8: 30 | F8: 2130.39 | G8: 2025-10-24 | H8: =IF(G8="","Open","Paid") -> Paid | I8: =IF(G8="","",DATEVALUE(G8)-DATEVALUE(C8)) -> 28 | J8: =IF(G8="",TODAY()-DATEVALUE(D8),DATEVALUE(G8)-DATEVALUE(D8)) -> -2 | K8: =IF(J8<=0,"Current",IF(J8<=30,"1-30 days",IF(J8<=60,"31-60 days",IF(J8<=90,"61-90 days","90+ days")))) -> Current
A9: INV-1007 | B9: Customer 004 | C9: 2025-09-17 | D9: 2025-11-01 | E9: 45 | F9: 1143.71 | G9: 2025-10-12 | H9: =IF(G9="","Open","Paid") -> Paid | I9: =IF(G9="","",DATEVALUE(G9)-DATEVALUE(C9)) -> 25 | J9: =IF(G9="",TODAY()-DATEVALUE(D9),DATEVALUE(G9)-DATEVALUE(D9)) -> -20 | K9: =IF(J9<=0,"Current",IF(J9<=30,"1-30 days",IF(J9<=60,"31-60 days",IF(J9<=90,"61-90 days","90+ days")))) -> Current
A10: INV-1008 | B10: Customer 023 | C10: 2026-05-15 | D10: 2026-06-14 | E10: 30 | F10: 4891.45 | G10: 2026-06-15 | H10: =IF(G10="","Open","Paid") -> Paid | I10: =IF(G10="","",DATEVALUE(G10)-DATEVALUE(C10)) -> 31 | J10: =IF(G10="",TODAY()-DATEVALUE(D10),DATEVALUE(G10)-DATEVALUE(D10)) -> 1 | K10: =IF(J10<=0,"Current",IF(J10<=30,"1-30 days",IF(J10<=60,"31-60 days",IF(J10<=90,"61-90 days","90+ days")))) -> 1-30 days
A11: INV-1009 | B11: Customer 016 | C11: 2026-01-18 | D11: 2026-03-04 | E11: 45 | F11: 9326.61 | G11: 2026-03-09 | H11: =IF(G11="","Open","Paid") -> Paid | I11: =IF(G11="","",DATEVALUE(G11)-DATEVALUE(C11)) -> 50 | J11: =IF(G11="",TODAY()-DATEVALUE(D11),DATEVALUE(G11)-DATEVALUE(D11)) -> 5 | K11: =IF(J11<=0,"Current",IF(J11<=30,"1-30 days",IF(J11<=60,"31-60 days",IF(J11<=90,"61-90 days","90+ days")))) -> 1-30 days
A12: INV-1010 | B12: Customer 023 | C12: 2026-02-16 | D12: 2026-04-17 | E12: 60 | F12: 6060.4 | G12: 2026-04-14 | H12: =IF(G12="","Open","Paid") -> Paid | I12: =IF(G12="","",DATEVALUE(G12)-DATEVALUE(C12)) -> 57 | J12: =IF(G12="",TODAY()-DATEVALUE(D12),DATEVALUE(G12)-DATEVALUE(D12)) -> -3 | K12: =IF(J12<=0,"Current",IF(J12<=30,"1-30 days",IF(J12<=60,"31-60 days",IF(J12<=90,"61-90 days","90+ days")))) -> Current
A13: INV-1011 | B13: Customer 014 | C13: 2025-07-28 | D13: 2025-09-11 | E13: 45 | F13: 2189.59 | G13: 2025-08-22 | H13: =IF(G13="","Open","Paid") -> Paid | I13: =IF(G13="","",DATEVALUE(G13)-DATEVALUE(C13)) -> 25 | J13: =IF(G13="",TODAY()-DATEVALUE(D13),DATEVALUE(G13)-DATEVALUE(D13)) -> -20 | K13: =IF(J13<=0,"Current",IF(J13<=30,"1-30 days",IF(J13<=60,"31-60 days",IF(J13<=90,"61-90 days","90+ days")))) -> Current
A14: INV-1012 | B14: Customer 009 | C14: 2025-11-08 | D14: 2025-12-23 | E14: 45 | F14: 2909.64 | G14: 2026-01-03 | H14: =IF(G14="","Open","Paid") -> Paid | I14: =IF(G14="","",DATEVALUE(G14)-DATEVALUE(C14)) -> 56 | J14: =IF(G14="",TODAY()-DATEVALUE(D14),DATEVALUE(G14)-DATEVALUE(D14)) -> 11 | K14: =IF(J14<=0,"Current",IF(J14<=30,"1-30 days",IF(J14<=60,"31-60 days",IF(J14<=90,"61-90 days","90+ days")))) -> 1-30 days
A15: INV-1013 | B15: Customer 060 | C15: 2025-09-04 | D15: 2025-10-19 | E15: 45 | F15: 3903.44 | G15: 2025-10-23 | H15: =IF(G15="","Open","Paid") -> Paid | I15: =IF(G15="","",DATEVALUE(G15)-DATEVALUE(C15)) -> 49 | J15: =IF(G15="",TODAY()-DATEVALUE(D15),DATEVALUE(G15)-DATEVALUE(D15)) -> 4 | K15: =IF(J15<=0,"Current",IF(J15<=30,"1-30 days",IF(J15<=60,"31-60 days",IF(J15<=90,"61-90 days","90+ days")))) -> 1-30 days
A16: INV-1014 | B16: Customer 008 | C16: 2026-01-20 | D16: 2026-02-19 | E16: 30 | F16: 12479.62 | G16: 2026-03-28 | H16: =IF(G16="","Open","Paid") -> Paid | I16: =IF(G16="","",DATEVALUE(G16)-DATEVALUE(C16)) -> 67 | J16: =IF(G16="",TODAY()-DATEVALUE(D16),DATEVALUE(G16)-DATEVALUE(D16)) -> 37 | K16: =IF(J16<=0,"Current",IF(J16<=30,"1-30 days",IF(J16<=60,"31-60 days",IF(J16<=90,"61-90 days","90+ days")))) -> 31-60 days
A17: INV-1015 | B17: Customer 043 | C17: 2026-04-09 | D17: 2026-05-09 | E17: 30 | F17: 12859.52 | G17: 2026-05-05 | H17: =IF(G17="","Open","Paid") -> Paid | I17: =IF(G17="","",DATEVALUE(G17)-DATEVALUE(C17)) -> 26 | J17: =IF(G17="",TODAY()-DATEVALUE(D17),DATEVALUE(G17)-DATEVALUE(D17)) -> -4 | K17: =IF(J17<=0,"Current",IF(J17<=30,"1-30 days",IF(J17<=60,"31-60 days",IF(J17<=90,"61-90 days","90+ days")))) -> Current
A18: INV-1016 | B18: Customer 044 | C18: 2025-12-11 | D18: 2026-01-10 | E18: 30 | F18: 12020.22 | G18: 2025-12-22 | H18: =IF(G18="","Open","Paid") -> Paid | I18: =IF(G18="","",DATEVALUE(G18)-DATEVALUE(C18)) -> 11 | J18: =IF(G18="",TODAY()-DATEVALUE(D18),DATEVALUE(G18)-DATEVALUE(D18)) -> -19 | K18: =IF(J18<=0,"Current",IF(J18<=30,"1-30 days",IF(J18<=60,"31-60 days",IF(J18<=90,"61-90 days","90+ days")))) -> Current
A19: INV-1017 | B19: Customer 038 | C19: 2026-06-07 | D19: 2026-07-07 | E19: 30 | F19: 5195.63 | H19: =IF(G19="","Open","Paid") -> Open | I19: =IF(G19="","",DATEVALUE(G19)-DATEVALUE(C19)) | J19: =IF(G19="",TODAY()-DATEVALUE(D19),DATEVALUE(G19)-DATEVALUE(D19)) -> -4 | K19: =IF(J19<=0,"Current",IF(J19<=30,"1-30 days",IF(J19<=60,"31-60 days",IF(J19<=90,"61-90 days","90+ days")))) -> Current
A20: INV-1018 | B20: Customer 055 | C20: 2025-09-02 | D20: 2025-10-17 | E20: 45 | F20: 21518.35 | G20: 2025-10-10 | H20: =IF(G20="","Open","Paid") -> Paid | I20: =IF(G20="","",DATEVALUE(G20)-DATEVALUE(C20)) -> 38 | J20: =IF(G20="",TODAY()-DATEVALUE(D20),DATEVALUE(G20)-DATEVALUE(D20)) -> -7 | K20: =IF(J20<=0,"Current",IF(J20<=30,"1-30 days",IF(J20<=60,"31-60 days",IF(J20<=90,"61-90 days","90+ days")))) -> Current
A21: INV-1019 | B21: Customer 001 | C21: 2025-11-13 | D21: 2025-12-28 | E21: 45 | F21: 3006.77 | G21: 2026-02-12 | H21: =IF(G21="","Open","Paid") -> Paid | I21: =IF(G21="","",DATEVALUE(G21)-DATEVALUE(C21)) -> 91 | J21: =IF(G21="",TODAY()-DATEVALUE(D21),DATEVALUE(G21)-DATEVALUE(D21)) -> 46 | K21: =IF(J21<=0,"Current",IF(J21<=30,"1-30 days",IF(J21<=60,"31-60 days",IF(J21<=90,"61-90 days","90+ days")))) -> 31-60 days
A22: INV-1020 | B22: Customer 019 | C22: 2025-09-28 | D22: 2025-11-12 | E22: 45 | F22: 3813.05 | G22: 2025-11-04 | H22: =IF(G22="","Open","Paid") -> Paid | I22: =IF(G22="","",DATEVALUE(G22)-DATEVALUE(C22)) -> 37 | J22: =IF(G22="",TODAY()-DATEVALUE(D22),DATEVALUE(G22)-DATEVALUE(D22)) -> -8 | K22: =IF(J22<=0,"Current",IF(J22<=30,"1-30 days",IF(J22<=60,"31-60 days",IF(J22<=90,"61-90 days","90+ days")))) -> Current
A23: INV-1021 | B23: Customer 012 | C23: 2026-02-21 | D23: 2026-03-23 | E23: 30 | F23: 7996.69 | G23: 2026-03-30 | H23: =IF(G23="","Open","Paid") -> Paid | I23: =IF(G23="","",DATEVALUE(G23)-DATEVALUE(C23)) -> 37 | J23: =IF(G23="",TODAY()-DATEVALUE(D23),DATEVALUE(G23)-DATEVALUE(D23)) -> 7 | K23: =IF(J23<=0,"Current",IF(J23<=30,"1-30 days",IF(J23<=60,"31-60 days",IF(J23<=90,"61-90 days","90+ days")))) -> 1-30 days
A24: INV-1022 | B24: Customer 035 | C24: 2025-07-12 | D24: 2025-08-26 | E24: 45 | F24: 5666.29 | G24: 2025-08-19 | H24: =IF(G24="","Open","Paid") -> Paid | I24: =IF(G24="","",DATEVALUE(G24)-DATEVALUE(C24)) -> 38 | J24: =IF(G24="",TODAY()-DATEVALUE(D24),DATEVALUE(G24)-DATEVALUE(D24)) -> -7 | K24: =IF(J24<=0,"Current",IF(J24<=30,"1-30 days",IF(J24<=60,"31-60 days",IF(J24<=90,"61-90 days","90+ days")))) -> Current
A25: INV-1023 | B25: Customer 039 | C25: 2025-08-09 | D25: 2025-09-08 | E25: 30 | F25: 5858.88 | G25: 2025-09-10 | H25: =IF(G25="","Open","Paid") -> Paid | I25: =IF(G25="","",DATEVALUE(G25)-DATEVALUE(C25)) -> 32 | J25: =IF(G25="",TODAY()-DATEVALUE(D25),DATEVALUE(G25)-DATEVALUE(D25)) -> 2 | K25: =IF(J25<=0,"Current",IF(J25<=30,"1-30 days",IF(J25<=60,"31-60 days",IF(J25<=90,"61-90 days","90+ days")))) -> 1-30 days
A26: INV-1024 | B26: Customer 054 | C26: 2025-09-20 | D26: 2025-10-20 | E26: 30 | F26: 2453.42 | G26: 2025-12-05 | H26: =IF(G26="","Open","Paid") -> Paid | I26: =IF(G26="","",DATEVALUE(G26)-DATEVALUE(C26)) -> 76 | J26: =IF(G26="",TODAY()-DATEVALUE(D26),DATEVALUE(G26)-DATEVALUE(D26)) -> 46 | K26: =IF(J26<=0,"Current",IF(J26<=30,"1-30 days",IF(J26<=60,"31-60 days",IF(J26<=90,"61-90 days","90+ days")))) -> 31-60 days
A27: INV-1025 | B27: Customer 023 | C27: 2026-04-21 | D27: 2026-06-05 | E27: 45 | F27: 4630.35 | G27: 2026-06-15 | H27: =IF(G27="","Open","Paid") -> Paid | I27: =IF(G27="","",DATEVALUE(G27)-DATEVALUE(C27)) -> 55 | J27: =IF(G27="",TODAY()-DATEVALUE(D27),DATEVALUE(G27)-DATEVALUE(D27)) -> 10 | K27: =IF(J27<=0,"Current",IF(J27<=30,"1-30 days",IF(J27<=60,"31-60 days",IF(J27<=90,"61-90 days","90+ days")))) -> 1-30 days
A28: INV-1026 | B28: Customer 015 | C28: 2026-01-12 | D28: 2026-03-13 | E28: 60 | F28: 3036.47 | G28: 2026-03-06 | H28: =IF(G28="","Open","Paid") -> Paid | I28: =IF(G28="","",DATEVALUE(G28)-DATEVALUE(C28)) -> 53 | J28: =IF(G28="",TODAY()-DATEVALUE(D28),DATEVALUE(G28)-DATEVALUE(D28)) -> -7 | K28: =IF(J28<=0,"Current",IF(J28<=30,"1-30 days",IF(J28<=60,"31-60 days",IF(J28<=90,"61-90 days","90+ days")))) -> Current
A29: INV-1027 | B29: Customer 056 | C29: 2026-06-15 | D29: 2026-07-30 | E29: 45 | F29: 1836.98 | H29: =IF(G29="","Open","Paid") -> Open | I29: =IF(G29="","",DATEVALUE(G29)-DATEVALUE(C29)) | J29: =IF(G29="",TODAY()-DATEVALUE(D29),DATEVALUE(G29)-DATEVALUE(D29)) -> -27 | K29: =IF(J29<=0,"Current",IF(J29<=30,"1-30 days",IF(J29<=60,"31-60 days",IF(J29<=90,"61-90 days","90+ days")))) -> Current
A30: INV-1028 | B30: Customer 041 | C30: 2026-05-05 | D30: 2026-06-04 | E30: 30 | F30: 3277.91 | G30: 2026-05-18 | H30: =IF(G30="","Open","Paid") -> Paid | I30: =IF(G30="","",DATEVALUE(G30)-DATEVALUE(C30)) -> 13 | J30: =IF(G30="",TODAY()-DATEVALUE(D30),DATEVALUE(G30)-DATEVALUE(D30)) -> -17 | K30: =IF(J30<=0,"Current",IF(J30<=30,"1-30 days",IF(J30<=60,"31-60 days",IF(J30<=90,"61-90 days","90+ days")))) -> Current
A31: INV-1029 | B31: Customer 046 | C31: 2025-10-25 | D31: 2025-12-09 | E31: 45 | F31: 5667.23 | G31: 2025-12-02 | H31: =IF(G31="","Open","Paid") -> Paid | I31: =IF(G31="","",DATEVALUE(G31)-DATEVALUE(C31)) -> 38 | J31: =IF(G31="",TODAY()-DATEVALUE(D31),DATEVALUE(G31)-DATEVALUE(D31)) -> -7 | K31: =IF(J31<=0,"Current",IF(J31<=30,"1-30 days",IF(J31<=60,"31-60 days",IF(J31<=90,"61-90 days","90+ days")))) -> Current
A32: INV-1030 | B32: Customer 027 | C32: 2025-10-02 | D32: 2025-11-01 | E32: 30 | F32: 7259.21 | G32: 2025-10-17 | H32: =IF(G32="","Open","Paid") -> Paid | I32: =IF(G32="","",DATEVALUE(G32)-DATEVALUE(C32)) -> 15 | J32: =IF(G32="",TODAY()-DATEVALUE(D32),DATEVALUE(G32)-DATEVALUE(D32)) -> -15 | K32: =IF(J32<=0,"Current",IF(J32<=30,"1-30 days",IF(J32<=60,"31-60 days",IF(J32<=90,"61-90 days","90+ days")))) -> Current
A33: INV-1031 | B33: Customer 027 | C33: 2025-07-13 | D33: 2025-08-27 | E33: 45 | F33: 1110.04 | G33: 2025-08-31 | H33: =IF(G33="","Open","Paid") -> Paid | I33: =IF(G33="","",DATEVALUE(G33)-DATEVALUE(C33)) -> 49 | J33: =IF(G33="",TODAY()-DATEVALUE(D33),DATEVALUE(G33)-DATEVALUE(D33)) -> 4 | K33: =IF(J33<=0,"Current",IF(J33<=30,"1-30 days",IF(J33<=60,"31-60 days",IF(J33<=90,"61-90 days","90+ days")))) -> 1-30 days
A34: INV-1032 | B34: Customer 024 | C34: 2026-03-04 | D34: 2026-04-18 | E34: 45 | F34: 4763.88 | G34: 2026-04-12 | H34: =IF(G34="","Open","Paid") -> Paid | I34: =IF(G34="","",DATEVALUE(G34)-DATEVALUE(C34)) -> 39 | J34: =IF(G34="",TODAY()-DATEVALUE(D34),DATEVALUE(G34)-DATEVALUE(D34)) -> -6 | K34: =IF(J34<=0,"Current",IF(J34<=30,"1-30 days",IF(J34<=60,"31-60 days",IF(J34<=90,"61-90 days","90+ days")))) -> Current
A35: INV-1033 | B35: Customer 045 | C35: 2026-02-16 | D35: 2026-03-18 | E35: 30 | F35: 4502.38 | G35: 2026-04-15 | H35: =IF(G35="","Open","Paid") -> Paid | I35: =IF(G35="","",DATEVALUE(G35)-DATEVALUE(C35)) -> 58 | J35: =IF(G35="",TODAY()-DATEVALUE(D35),DATEVALUE(G35)-DATEVALUE(D35)) -> 28 | K35: =IF(J35<=0,"Current",IF(J35<=30,"1-30 days",IF(J35<=60,"31-60 days",IF(J35<=90,"61-90 days","90+ days")))) -> 1-30 days
A36: INV-1034 | B36: Customer 013 | C36: 2026-01-11 | D36: 2026-02-10 | E36: 30 | F36: 5494 | G36: 2026-01-20 | H36: =IF(G36="","Open","Paid") -> Paid | I36: =IF(G36="","",DATEVALUE(G36)-DATEVALUE(C36)) -> 9 | J36: =IF(G36="",TODAY()-DATEVALUE(D36),DATEVALUE(G36)-DATEVALUE(D36)) -> -21 | K36: =IF(J36<=0,"Current",IF(J36<=30,"1-30 days",IF(J36<=60,"31-60 days",IF(J36<=90,"61-90 days","90+ days")))) -> Current
A37: INV-1035 | B37: Customer 059 | C37: 2026-04-23 | D37: 2026-05-23 | E37: 30 | F37: 2218.76 | G37: 2026-05-25 | H37: =IF(G37="","Open","Paid") -> Paid | I37: =IF(G37="","",DATEVALUE(G37)-DATEVALUE(C37)) -> 32 | J37: =IF(G37="",TODAY()-DATEVALUE(D37),DATEVALUE(G37)-DATEVALUE(D37)) -> 2 | K37: =IF(J37<=0,"Current",IF(J37<=30,"1-30 days",IF(J37<=60,"31-60 days",IF(J37<=90,"61-90 days","90+ days")))) -> 1-30 days
A38: INV-1036 | B38: Customer 011 | C38: 2026-05-14 | D38: 2026-07-13 | E38: 60 | F38: 2250.16 | G38: 2026-06-29 | H38: =IF(G38="","Open","Paid") -> Paid | I38: =IF(G38="","",DATEVALUE(G38)-DATEVALUE(C38)) -> 46 | J38: =IF(G38="",TODAY()-DATEVALUE(D38),DATEVALUE(G38)-DATEVALUE(D38)) -> -14 | K38: =IF(J38<=0,"Current",IF(J38<=30,"1-30 days",IF(J38<=60,"31-60 days",IF(J38<=90,"61-90 days","90+ days")))) -> Current
A39: INV-1037 | B39: Customer 028 | C39: 2026-01-08 | D39: 2026-02-07 | E39: 30 | F39: 9468.09 | G39: 2026-02-01 | H39: =IF(G39="","Open","Paid") -> Paid | I39: =IF(G39="","",DATEVALUE(G39)-DATEVALUE(C39)) -> 24 | J39: =IF(G39="",TODAY()-DATEVALUE(D39),DATEVALUE(G39)-DATEVALUE(D39)) -> -6 | K39: =IF(J39<=0,"Current",IF(J39<=30,"1-30 days",IF(J39<=60,"31-60 days",IF(J39<=90,"61-90 days","90+ days")))) -> Current
A40: INV-1038 | B40: Customer 019 | C40: 2026-04-09 | D40: 2026-05-24 | E40: 45 | F40: 2744.15 | G40: 2026-05-25 | H40: =IF(G40="","Open","Paid") -> Paid | I40: =IF(G40="","",DATEVALUE(G40)-DATEVALUE(C40)) -> 46 | J40: =IF(G40="",TODAY()-DATEVALUE(D40),DATEVALUE(G40)-DATEVALUE(D40)) -> 1 | K40: =IF(J40<=0,"Current",IF(J40<=30,"1-30 days",IF(J40<=60,"31-60 days",IF(J40<=90,"61-90 days","90+ days")))) -> 1-30 days
A41: INV-1039 | B41: Customer 039 | C41: 2025-10-30 | D41: 2025-12-14 | E41: 45 | F41: 3696.88 | G41: 2025-11-16 | H41: =IF(G41="","Open","Paid") -> Paid | I41: =IF(G41="","",DATEVALUE(G41)-DATEVALUE(C41)) -> 17 | J41: =IF(G41="",TODAY()-DATEVALUE(D41),DATEVALUE(G41)-DATEVALUE(D41)) -> -28 | K41: =IF(J41<=0,"Current",IF(J41<=30,"1-30 days",IF(J41<=60,"31-60 days",IF(J41<=90,"61-90 days","90+ days")))) -> Current
... A52: INV-1050 | B52: Customer 002 | C52: 2026-04-19 | D52: 2026-05-19 | E52: 30 | F52: 8326.65 | G52: 2026-05-06 | H52: =IF(G52="","Open","Paid") -> Paid | I52: =IF(G52="","",DATEVALUE(G52)-DATEVALUE(C52)) -> 17 | J52: =IF(G52="",TODAY()-DATEVALUE(D52),DATEVALUE(G52)-DATEVALUE(D52)) -> -13 | K52: =IF(J52<=0,"Current",IF(J52<=30,"1-30 days",IF(J52<=60,"31-60 days",IF(J52<=90,"61-90 days","90+ days")))) -> Current
A53: INV-1051 | B53: Customer 047 | C53: 2026-06-28 | D53: 2026-07-28 | E53: 30 | F53: 10380.59 | H53: =IF(G53="","Open","Paid") -> Open | I53: =IF(G53="","",DATEVALUE(G53)-DATEVALUE(C53)) | J53: =IF(G53="",TODAY()-DATEVALUE(D53),DATEVALUE(G53)-DATEVALUE(D53)) -> -25 | K53: =IF(J53<=0,"Current",IF(J53<=30,"1-30 days",IF(J53<=60,"31-60 days",IF(J53<=90,"61-90 days","90+ days")))) -> Current
A54: INV-1052 | B54: Customer 037 | C54: 2025-09-17 | D54: 2025-10-17 | E54: 30 | F54: 10026.48 | G54: 2025-10-09 | H54: =IF(G54="","Open","Paid") -> Paid | I54: =IF(G54="","",DATEVALUE(G54)-DATEVALUE(C54)) -> 22 | J54: =IF(G54="",TODAY()-DATEVALUE(D54),DATEVALUE(G54)-DATEVALUE(D54)) -> -8 | K54: =IF(J54<=0,"Current",IF(J54<=30,"1-30 days",IF(J54<=60,"31-60 days",IF(J54<=90,"61-90 days","90+ days")))) -> Current
A55: INV-1053 | B55: Customer 037 | C55: 2025-10-31 | D55: 2025-11-30 | E55: 30 | F55: 3924.88 | G55: 2025-11-23 | H55: =IF(G55="","Open","Paid") -> Paid | I55: =IF(G55="","",DATEVALUE(G55)-DATEVALUE(C55)) -> 23 | J55: =IF(G55="",TODAY()-DATEVALUE(D55),DATEVALUE(G55)-DATEVALUE(D55)) -> -7 | K55: =IF(J55<=0,"Current",IF(J55<=30,"1-30 days",IF(J55<=60,"31-60 days",IF(J55<=90,"61-90 days","90+ days")))) -> Current
A56: INV-1054 | B56: Customer 052 | C56: 2025-10-17 | D56: 2025-11-16 | E56: 30 | F56: 5159.05 | G56: 2025-11-23 | H56: =IF(G56="","Open","Paid") -> Paid | I56: =IF(G56="","",DATEVALUE(G56)-DATEVALUE(C56)) -> 37 | J56: =IF(G56="",TODAY()-DATEVALUE(D56),DATEVALUE(G56)-DATEVALUE(D56)) -> 7 | K56: =IF(J56<=0,"Current",IF(J56<=30,"1-30 days",IF(J56<=60,"31-60 days",IF(J56<=90,"61-90 days","90+ days")))) -> 1-30 days
A57: INV-1055 | B57: Customer 030 | C57: 2025-09-19 | D57: 2025-10-19 | E57: 30 | F57: 4327.98 | G57: 2025-10-02 | H57: =IF(G57="","Open","Paid") -> Paid | I57: =IF(G57="","",DATEVALUE(G57)-DATEVALUE(C57)) -> 13 | J57: =IF(G57="",TODAY()-DATEVALUE(D57),DATEVALUE(G57)-DATEVALUE(D57)) -> -17 | K57: =IF(J57<=0,"Current",IF(J57<=30,"1-30 days",IF(J57<=60,"31-60 days",IF(J57<=90,"61-90 days","90+ days")))) -> Current
A58: INV-1056 | B58: Customer 028 | C58: 2026-01-14 | D58: 2026-02-13 | E58: 30 | F58: 4318.21 | G58: 2026-02-25 | H58: =IF(G58="","Open","Paid") -> Paid | I58: =IF(G58="","",DATEVALUE(G58)-DATEVALUE(C58)) -> 42 | J58: =IF(G58="",TODAY()-DATEVALUE(D58),DATEVALUE(G58)-DATEVALUE(D58)) -> 12 | K58: =IF(J58<=0,"Current",IF(J58<=30,"1-30 days",IF(J58<=60,"31-60 days",IF(J58<=90,"61-90 days","90+ days")))) -> 1-30 days
A59: INV-1057 | B59: Customer 038 | C59: 2025-12-05 | D59: 2026-01-19 | E59: 45 | F59: 4149.13 | G59: 2026-01-02 | H59: =IF(G59="","Open","Paid") -> Paid | I59: =IF(G59="","",DATEVALUE(G59)-DATEVALUE(C59)) -> 28 | J59: =IF(G59="",TODAY()-DATEVALUE(D59),DATEVALUE(G59)-DATEVALUE(D59)) -> -17 | K59: =IF(J59<=0,"Current",IF(J59<=30,"1-30 days",IF(J59<=60,"31-60 days",IF(J59<=90,"61-90 days","90+ days")))) -> Current
A60: INV-1058 | B60: Customer 012 | C60: 2026-05-11 | D60: 2026-06-25 | E60: 45 | F60: 4817.71 | H60: =IF(G60="","Open","Paid") -> Open | I60: =IF(G60="","",DATEVALUE(G60)-DATEVALUE(C60)) | J60: =IF(G60="",TODAY()-DATEVALUE(D60),DATEVALUE(G60)-DATEVALUE(D60)) -> 8 | K60: =IF(J60<=0,"Current",IF(J60<=30,"1-30 days",IF(J60<=60,"31-60 days",IF(J60<=90,"61-90 days","90+ days")))) -> 1-30 days
A61: INV-1059 | B61: Customer 010 | C61: 2026-05-20 | D61: 2026-06-19 | E61: 30 | F61: 9104.66 | H61: =IF(G61="","Open","Paid") -> Open | I61: =IF(G61="","",DATEVALUE(G61)-DATEVALUE(C61)) | J61: =IF(G61="",TODAY()-DATEVALUE(D61),DATEVALUE(G61)-DATEVALUE(D61)) -> 14 | K61: =IF(J61<=0,"Current",IF(J61<=30,"1-30 days",IF(J61<=60,"31-60 days",IF(J61<=90,"61-90 days","90+ days")))) -> 1-30 days
A62: INV-1060 | B62: Customer 051 | C62: 2025-10-30 | D62: 2025-11-29 | E62: 30 | F62: 5768.82 | G62: 2025-12-12 | H62: =IF(G62="","Open","Paid") -> Paid | I62: =IF(G62="","",DATEVALUE(G62)-DATEVALUE(C62)) -> 43 | J62: =IF(G62="",TODAY()-DATEVALUE(D62),DATEVALUE(G62)-DATEVALUE(D62)) -> 13 | K62: =IF(J62<=0,"Current",IF(J62<=30,"1-30 days",IF(J62<=60,"31-60 days",IF(J62<=90,"61-90 days","90+ days")))) -> 1-30 days
A63: INV-1061 | B63: Customer 013 | C63: 2026-01-10 | D63: 2026-02-09 | E63: 30 | F63: 2149.63 | G63: 2026-03-20 | H63: =IF(G63="","Open","Paid") -> Paid | I63: =IF(G63="","",DATEVALUE(G63)-DATEVALUE(C63)) -> 69 | J63: =IF(G63="",TODAY()-DATEVALUE(D63),DATEVALUE(G63)-DATEVALUE(D63)) -> 39 | K63: =IF(J63<=0,"Current",IF(J63<=30,"1-30 days",IF(J63<=60,"31-60 days",IF(J63<=90,"61-90 days","90+ days")))) -> 31-60 days
A64: INV-1062 | B64: Customer 031 | C64: 2025-12-07 | D64: 2026-01-06 | E64: 30 | F64: 8128.3 | G64: 2025-12-25 | H64: =IF(G64="","Open","Paid") -> Paid | I64: =IF(G64="","",DATEVALUE(G64)-DATEVALUE(C64)) -> 18 | J64: =IF(G64="",TODAY()-DATEVALUE(D64),DATEVALUE(G64)-DATEVALUE(D64)) -> -12 | K64: =IF(J64<=0,"Current",IF(J64<=30,"1-30 days",IF(J64<=60,"31-60 days",IF(J64<=90,"61-90 days","90+ days")))) -> Current
A65: INV-1063 | B65: Customer 017 | C65: 2025-09-25 | D65: 2025-10-25 | E65: 30 | F65: 5449.26 | G65: 2025-10-18 | H65: =IF(G65="","Open","Paid") -> Paid | I65: =IF(G65="","",DATEVALUE(G65)-DATEVALUE(C65)) -> 23 | J65: =IF(G65="",TODAY()-DATEVALUE(D65),DATEVALUE(G65)-DATEVALUE(D65)) -> -7 | K65: =IF(J65<=0,"Current",IF(J65<=30,"1-30 days",IF(J65<=60,"31-60 days",IF(J65<=90,"61-90 days","90+ days")))) -> Current
A66: INV-1064 | B66: Customer 014 | C66: 2025-11-11 | D66: 2025-12-11 | E66: 30 | F66: 6391.89 | G66: 2026-01-02 | H66: =IF(G66="","Open","Paid") -> Paid | I66: =IF(G66="","",DATEVALUE(G66)-DATEVALUE(C66)) -> 52 | J66: =IF(G66="",TODAY()-DATEVALUE(D66),DATEVALUE(G66)-DATEVALUE(D66)) -> 22 | K66: =IF(J66<=0,"Current",IF(J66<=30,"1-30 days",IF(J66<=60,"31-60 days",IF(J66<=90,"61-90 days","90+ days")))) -> 1-30 days
A67: INV-1065 | B67: Customer 036 | C67: 2025-12-11 | D67: 2026-01-10 | E67: 30 | F67: 5701.77 | G67: 2026-01-10 | H67: =IF(G67="","Open","Paid") -> Paid | I67: =IF(G67="","",DATEVALUE(G67)-DATEVALUE(C67)) -> 30 | J67: =IF(G67="",TODAY()-DATEVALUE(D67),DATEVALUE(G67)-DATEVALUE(D67)) -> 0 | K67: =IF(J67<=0,"Current",IF(J67<=30,"1-30 days",IF(J67<=60,"31-60 days",IF(J67<=90,"61-90 days","90+ days")))) -> Current
A68: INV-1066 | B68: Customer 049 | C68: 2025-12-09 | D68: 2026-01-08 | E68: 30 | F68: 5856.39 | G68: 2026-01-06 | H68: =IF(G68="","Open","Paid") -> Paid | I68: =IF(G68="","",DATEVALUE(G68)-DATEVALUE(C68)) -> 28 | J68: =IF(G68="",TODAY()-DATEVALUE(D68),DATEVALUE(G68)-DATEVALUE(D68)) -> -2 | K68: =IF(J68<=0,"Current",IF(J68<=30,"1-30 days",IF(J68<=60,"31-60 days",IF(J68<=90,"61-90 days","90+ days")))) -> Current
A69: INV-1067 | B69: Customer 027 | C69: 2026-03-12 | D69: 2026-04-11 | E69: 30 | F69: 6015.7 | G69: 2026-04-10 | H69: =IF(G69="","Open","Paid") -> Paid | I69: =IF(G69="","",DATEVALUE(G69)-DATEVALUE(C69)) -> 29 | J69: =IF(G69="",TODAY()-DATEVALUE(D69),DATEVALUE(G69)-DATEVALUE(D69)) -> -1 | K69: =IF(J69<=0,"Current",IF(J69<=30,"1-30 days",IF(J69<=60,"31-60 days",IF(J69<=90,"61-90 days","90+ days")))) -> Current
A70: INV-1068 | B70: Customer 009 | C70: 2026-06-19 | D70: 2026-07-19 | E70: 30 | F70: 1307.28 | H70: =IF(G70="","Open","Paid") -> Open | I70: =IF(G70="","",DATEVALUE(G70)-DATEVALUE(C70)) | J70: =IF(G70="",TODAY()-DATEVALUE(D70),DATEVALUE(G70)-DATEVALUE(D70)) -> -16 | K70: =IF(J70<=0,"Current",IF(J70<=30,"1-30 days",IF(J70<=60,"31-60 days",IF(J70<=90,"61-90 days","90+ days")))) -> Current
A71: INV-1069 | B71: Customer 015 | C71: 2026-01-23 | D71: 2026-02-22 | E71: 30 | F71: 6344.91 | G71: 2026-02-04 | H71: =IF(G71="","Open","Paid") -> Paid | I71: =IF(G71="","",DATEVALUE(G71)-DATEVALUE(C71)) -> 12 | J71: =IF(G71="",TODAY()-DATEVALUE(D71),DATEVALUE(G71)-DATEVALUE(D71)) -> -18 | K71: =IF(J71<=0,"Current",IF(J71<=30,"1-30 days",IF(J71<=60,"31-60 days",IF(J71<=90,"61-90 days","90+ days")))) -> Current
A72: INV-1070 | B72: Customer 010 | C72: 2026-04-13 | D72: 2026-05-28 | E72: 45 | F72: 2996.37 | G72: 2026-05-21 | H72: =IF(G72="","Open","Paid") -> Paid | I72: =IF(G72="","",DATEVALUE(G72)-DATEVALUE(C72)) -> 38 | J72: =IF(G72="",TODAY()-DATEVALUE(D72),DATEVALUE(G72)-DATEVALUE(D72)) -> -7 | K72: =IF(J72<=0,"Current",IF(J72<=30,"1-30 days",IF(J72<=60,"31-60 days",IF(J72<=90,"61-90 days","90+ days")))) -> Current
A73: INV-1071 | B73: Customer 053 | C73: 2026-02-02 | D73: 2026-03-19 | E73: 45 | F73: 3513.19 | G73: 2026-03-29 | H73: =IF(G73="","Open","Paid") -> Paid | I73: =IF(G73="","",DATEVALUE(G73)-DATEVALUE(C73)) -> 55 | J73: =IF(G73="",TODAY()-DATEVALUE(D73),DATEVALUE(G73)-DATEVALUE(D73)) -> 10 | K73: =IF(J73<=0,"Current",IF(J73<=30,"1-30 days",IF(J73<=60,"31-60 days",IF(J73<=90,"61-90 days","90+ days")))) -> 1-30 days
A74: INV-1072 | B74: Customer 020 | C74: 2025-08-24 | D74: 2025-10-08 | E74: 45 | F74: 4794.36 | G74: 2025-09-21 | H74: =IF(G74="","Open","Paid") -> Paid | I74: =IF(G74="","",DATEVALUE(G74)-DATEVALUE(C74)) -> 28 | J74: =IF(G74="",TODAY()-DATEVALUE(D74),DATEVALUE(G74)-DATEVALUE(D74)) -> -17 | K74: =IF(J74<=0,"Current",IF(J74<=30,"1-30 days",IF(J74<=60,"31-60 days",IF(J74<=90,"61-90 days","90+ days")))) -> Current
A75: INV-1073 | B75: Customer 023 | C75: 2026-04-06 | D75: 2026-05-06 | E75: 30 | F75: 11293.76 | G75: 2026-05-03 | H75: =IF(G75="","Open","Paid") -> Paid | I75: =IF(G75="","",DATEVALUE(G75)-DATEVALUE(C75)) -> 27 | J75: =IF(G75="",TODAY()-DATEVALUE(D75),DATEVALUE(G75)-DATEVALUE(D75)) -> -3 | K75: =IF(J75<=0,"Current",IF(J75<=30,"1-30 days",IF(J75<=60,"31-60 days",IF(J75<=90,"61-90 days","90+ days")))) -> Current
A76: INV-1074 | B76: Customer 005 | C76: 2026-06-09 | D76: 2026-07-24 | E76: 45 | F76: 2415.43 | H76: =IF(G76="","Open","Paid") -> Open | I76: =IF(G76="","",DATEVALUE(G76)-DATEVALUE(C76)) | J76: =IF(G76="",TODAY()-DATEVALUE(D76),DATEVALUE(G76)-DATEVALUE(D76)) -> -21 | K76: =IF(J76<=0,"Current",IF(J76<=30,"1-30 days",IF(J76<=60,"31-60 days",IF(J76<=90,"61-90 days","90+ days")))) -> Current
A77: INV-1075 | B77: Customer 027 | C77: 2026-03-20 | D77: 2026-04-19 | E77: 30 | F77: 4696.09 | G77: 2026-04-20 | H77: =IF(G77="","Open","Paid") -> Paid | I77: =IF(G77="","",DATEVALUE(G77)-DATEVALUE(C77)) -> 31 | J77: =IF(G77="",TODAY()-DATEVALUE(D77),DATEVALUE(G77)-DATEVALUE(D77)) -> 1 | K77: =IF(J77<=0,"Current",IF(J77<=30,"1-30 days",IF(J77<=60,"31-60 days",IF(J77<=90,"61-90 days","90+ days")))) -> 1-30 days
A78: INV-1076 | B78: Customer 055 | C78: 2026-03-16 | D78: 2026-04-15 | E78: 30 | F78: 4086.6 | G78: 2026-04-10 | H78: =IF(G78="","Open","Paid") -> Paid | I78: =IF(G78="","",DATEVALUE(G78)-DATEVALUE(C78)) -> 25 | J78: =IF(G78="",TODAY()-DATEVALUE(D78),DATEVALUE(G78)-DATEVALUE(D78)) -> -5 | K78: =IF(J78<=0,"Current",IF(J78<=30,"1-30 days",IF(J78<=60,"31-60 days",IF(J78<=90,"61-90 days","90+ days")))) -> Current
A79: INV-1077 | B79: Customer 025 | C79: 2025-11-02 | D79: 2025-12-17 | E79: 45 | F79: 8061.95 | G79: 2026-02-19 | H79: =IF(G79="","Open","Paid") -> Paid | I79: =IF(G79="","",DATEVALUE(G79)-DATEVALUE(C79)) -> 109 | J79: =IF(G79="",TODAY()-DATEVALUE(D79),DATEVALUE(G79)-DATEVALUE(D79)) -> 64 | K79: =IF(J79<=0,"Current",IF(J79<=30,"1-30 days",IF(J79<=60,"31-60 days",IF(J79<=90,"61-90 days","90+ days")))) -> 61-90 days
A80: INV-1078 | B80: Customer 040 | C80: 2025-12-10 | D80: 2026-01-09 | E80: 30 | F80: 4015.81 | G80: 2026-01-15 | H80: =IF(G80="","Open","Paid") -> Paid | I80: =IF(G80="","",DATEVALUE(G80)-DATEVALUE(C80)) -> 36 | J80: =IF(G80="",TODAY()-DATEVALUE(D80),DATEVALUE(G80)-DATEVALUE(D80)) -> 6 | K80: =IF(J80<=0,"Current",IF(J80<=30,"1-30 days",IF(J80<=60,"31-60 days",IF(J80<=90,"61-90 days","90+ days")))) -> 1-30 days
A81: INV-1079 | B81: Customer 011 | C81: 2025-09-18 | D81: 2025-10-18 | E81: 30 | F81: 5486.17 | G81: 2025-10-02 | H81: =IF(G81="","Open","Paid") -> Paid | I81: =IF(G81="","",DATEVALUE(G81)-DATEVALUE(C81)) -> 14 | J81: =IF(G81="",TODAY()-DATEVALUE(D81),DATEVALUE(G81)-DATEVALUE(D81)) -> -16 | K81: =IF(J81<=0,"Current",IF(J81<=30,"1-30 days",IF(J81<=60,"31-60 days",IF(J81<=90,"61-90 days","90+ days")))) -> Current
A82: INV-1080 | B82: Customer 009 | C82: 2025-11-01 | D82: 2025-12-16 | E82: 45 | F82: 2420.32 | G82: 2025-12-24 | H82: =IF(G82="","Open","Paid") -> Paid | I82: =IF(G82="","",DATEVALUE(G82)-DATEVALUE(C82)) -> 53 | J82: =IF(G82="",TODAY()-DATEVALUE(D82),DATEVALUE(G82)-DATEVALUE(D82)) -> 8 | K82: =IF(J82<=0,"Current",IF(J82<=30,"1-30 days",IF(J82<=60,"31-60 days",IF(J82<=90,"61-90 days","90+ days")))) -> 1-30 days
A83: INV-1081 | B83: Customer 044 | C83: 2026-02-03 | D83: 2026-03-20 | E83: 45 | F83: 8834.3 | G83: 2026-03-10 | H83: =IF(G83="","Open","Paid") -> Paid | I83: =IF(G83="","",DATEVALUE(G83)-DATEVALUE(C83)) -> 35 | J83: =IF(G83="",TODAY()-DATEVALUE(D83),DATEVALUE(G83)-DATEVALUE(D83)) -> -10 | K83: =IF(J83<=0,"Current",IF(J83<=30,"1-30 days",IF(J83<=60,"31-60 days",IF(J83<=90,"61-90 days","90+ days")))) -> Current
A84: INV-1082 | B84: Customer 004 | C84: 2025-09-07 | D84: 2025-11-06 | E84: 60 | F84: 1723.7 | G84: 2025-10-30 | H84: =IF(G84="","Open","Paid") -> Paid | I84: =IF(G84="","",DATEVALUE(G84)-DATEVALUE(C84)) -> 53 | J84: =IF(G84="",TODAY()-DATEVALUE(D84),DATEVALUE(G84)-DATEVALUE(D84)) -> -7 | K84: =IF(J84<=0,"Current",IF(J84<=30,"1-30 days",IF(J84<=60,"31-60 days",IF(J84<=90,"61-90 days","90+ days")))) -> Current
A85: INV-1083 | B85: Customer 027 | C85: 2026-05-01 | D85: 2026-05-31 | E85: 30 | F85: 6294.91 | H85: =IF(G85="","Open","Paid") -> Open | I85: =IF(G85="","",DATEVALUE(G85)-DATEVALUE(C85)) | J85: =IF(G85="",TODAY()-DATEVALUE(D85),DATEVALUE(G85)-DATEVALUE(D85)) -> 33 | K85: =IF(J85<=0,"Current",IF(J85<=30,"1-30 days",IF(J85<=60,"31-60 days",IF(J85<=90,"61-90 days","90+ days")))) -> 31-60 days
A86: INV-1084 | B86: Customer 020 | C86: 2026-06-22 | D86: 2026-07-22 | E86: 30 | F86: 5506.63 | H86: =IF(G86="","Open","Paid") -> Open | I86: =IF(G86="","",DATEVALUE(G86)-DATEVALUE(C86)) | J86: =IF(G86="",TODAY()-DATEVALUE(D86),DATEVALUE(G86)-DATEVALUE(D86)) -> -19 | K86: =IF(J86<=0,"Current",IF(J86<=30,"1-30 days",IF(J86<=60,"31-60 days",IF(J86<=90,"61-90 days","90+ days")))) -> Current
A87: INV-1085 | B87: Customer 001 | C87: 2026-05-29 | D87: 2026-07-13 | E87: 45 | F87: 5986.71 | H87: =IF(G87="","Open","Paid") -> Open | I87: =IF(G87="","",DATEVALUE(G87)-DATEVALUE(C87)) | J87: =IF(G87="",TODAY()-DATEVALUE(D87),DATEVALUE(G87)-DATEVALUE(D87)) -> -10 | K87: =IF(J87<=0,"Current",IF(J87<=30,"1-30 days",IF(J87<=60,"31-60 days",IF(J87<=90,"61-90 days","90+ days")))) -> Current
A88: INV-1086 | B88: Customer 032 | C88: 2025-10-11 | D88: 2025-11-10 | E88: 30 | F88: 1742.44 | G88: 2025-10-31 | H88: =IF(G88="","Open","Paid") -> Paid | I88: =IF(G88="","",DATEVALUE(G88)-DATEVALUE(C88)) -> 20 | J88: =IF(G88="",TODAY()-DATEVALUE(D88),DATEVALUE(G88)-DATEVALUE(D88)) -> -10 | K88: =IF(J88<=0,"Current",IF(J88<=30,"1-30 days",IF(J88<=60,"31-60 days",IF(J88<=90,"61-90 days","90+ days")))) -> Current
A89: INV-1087 | B89: Customer 058 | C89: 2026-01-13 | D89: 2026-02-27 | E89: 45 | F89: 3964.3 | G89: 2026-02-19 | H89: =IF(G89="","Open","Paid") -> Paid | I89: =IF(G89="","",DATEVALUE(G89)-DATEVALUE(C89)) -> 37 | J89: =IF(G89="",TODAY()-DATEVALUE(D89),DATEVALUE(G89)-DATEVALUE(D89)) -> -8 | K89: =IF(J89<=0,"Current",IF(J89<=30,"1-30 days",IF(J89<=60,"31-60 days",IF(J89<=90,"61-90 days","90+ days")))) -> Current
A90: INV-1088 | B90: Customer 005 | C90: 2026-05-03 | D90: 2026-06-02 | E90: 30 | F90: 7840.56 | G90: 2026-05-25 | H90: =IF(G90="","Open","Paid") -> Paid | I90: =IF(G90="","",DATEVALUE(G90)-DATEVALUE(C90)) -> 22 | J90: =IF(G90="",TODAY()-DATEVALUE(D90),DATEVALUE(G90)-DATEVALUE(D90)) -> -8 | K90: =IF(J90<=0,"Current",IF(J90<=30,"1-30 days",IF(J90<=60,"31-60 days",IF(J90<=90,"61-90 days","90+ days")))) -> Current
A91: INV-1089 | B91: Customer 049 | C91: 2025-12-30 | D91: 2026-01-29 | E91: 30 | F91: 12242.07 | G91: 2026-01-22 | H91: =IF(G91="","Open","Paid") -> Paid | I91: =IF(G91="","",DATEVALUE(G91)-DATEVALUE(C91)) -> 23 | J91: =IF(G91="",TODAY()-DATEVALUE(D91),DATEVALUE(G91)-DATEVALUE(D91)) -> -7 | K91: =IF(J91<=0,"Current",IF(J91<=30,"1-30 days",IF(J91<=60,"31-60 days",IF(J91<=90,"61-90 days","90+ days")))) -> Current
A92: INV-1090 | B92: Customer 033 | C92: 2026-05-06 | D92: 2026-06-05 | E92: 30 | F92: 4484.62 | G92: 2026-06-18 | H92: =IF(G92="","Open","Paid") -> Paid | I92: =IF(G92="","",DATEVALUE(G92)-DATEVALUE(C92)) -> 43 | J92: =IF(G92="",TODAY()-DATEVALUE(D92),DATEVALUE(G92)-DATEVALUE(D92)) -> 13 | K92: =IF(J92<=0,"Current",IF(J92<=30,"1-30 days",IF(J92<=60,"31-60 days",IF(J92<=90,"61-90 days","90+ days")))) -> 1-30 days
A93: INV-1091 | B93: Customer 044 | C93: 2025-10-20 | D93: 2025-12-04 | E93: 45 | F93: 7425.21 | G93: 2025-12-11 | H93: =IF(G93="","Open","Paid") -> Paid | I93: =IF(G93="","",DATEVALUE(G93)-DATEVALUE(C93)) -> 52 | J93: =IF(G93="",TODAY()-DATEVALUE(D93),DATEVALUE(G93)-DATEVALUE(D93)) -> 7 | K93: =IF(J93<=0,"Current",IF(J93<=30,"1-30 days",IF(J93<=60,"31-60 days",IF(J93<=90,"61-90 days","90+ days")))) -> 1-30 days
A94: INV-1092 | B94: Customer 006 | C94: 2026-01-19 | D94: 2026-02-18 | E94: 30 | F94: 5194.72 | G94: 2026-03-10 | H94: =IF(G94="","Open","Paid") -> Paid | I94: =IF(G94="","",DATEVALUE(G94)-DATEVALUE(C94)) -> 50 | J94: =IF(G94="",TODAY()-DATEVALUE(D94),DATEVALUE(G94)-DATEVALUE(D94)) -> 20 | K94: =IF(J94<=0,"Current",IF(J94<=30,"1-30 days",IF(J94<=60,"31-60 days",IF(J94<=90,"61-90 days","90+ days")))) -> 1-30 days
A95: INV-1093 | B95: Customer 053 | C95: 2026-02-12 | D95: 2026-03-14 | E95: 30 | F95: 4627.85 | G95: 2026-04-10 | H95: =IF(G95="","Open","Paid") -> Paid | I95: =IF(G95="","",DATEVALUE(G95)-DATEVALUE(C95)) -> 57 | J95: =IF(G95="",TODAY()-DATEVALUE(D95),DATEVALUE(G95)-DATEVALUE(D95)) -> 27 | K95: =IF(J95<=0,"Current",IF(J95<=30,"1-30 days",IF(J95<=60,"31-60 days",IF(J95<=90,"61-90 days","90+ days")))) -> 1-30 days
A96: INV-1094 | B96: Customer 001 | C96: 2026-03-13 | D96: 2026-04-12 | E96: 30 | F96: 3681.87 | G96: 2026-03-30 | H96: =IF(G96="","Open","Paid") -> Paid | I96: =IF(G96="","",DATEVALUE(G96)-DATEVALUE(C96)) -> 17 | J96: =IF(G96="",TODAY()-DATEVALUE(D96),DATEVALUE(G96)-DATEVALUE(D96)) -> -13 | K96: =IF(J96<=0,"Current",IF(J96<=30,"1-30 days",IF(J96<=60,"31-60 days",IF(J96<=90,"61-90 days","90+ days")))) -> Current
A97: INV-1095 | B97: Customer 055 | C97: 2025-11-13 | D97: 2025-12-13 | E97: 30 | F97: 4808.8 | G97: 2026-01-27 | H97: =IF(G97="","Open","Paid") -> Paid | I97: =IF(G97="","",DATEVALUE(G97)-DATEVALUE(C97)) -> 75 | J97: =IF(G97="",TODAY()-DATEVALUE(D97),DATEVALUE(G97)-DATEVALUE(D97)) -> 45 | K97: =IF(J97<=0,"Current",IF(J97<=30,"1-30 days",IF(J97<=60,"31-60 days",IF(J97<=90,"61-90 days","90+ days")))) -> 31-60 days
A98: INV-1096 | B98: Customer 040 | C98: 2026-02-19 | D98: 2026-03-21 | E98: 30 | F98: 7051.31 | G98: 2026-04-11 | H98: =IF(G98="","Open","Paid") -> Paid | I98: =IF(G98="","",DATEVALUE(G98)-DATEVALUE(C98)) -> 51 | J98: =IF(G98="",TODAY()-DATEVALUE(D98),DATEVALUE(G98)-DATEVALUE(D98)) -> 21 | K98: =IF(J98<=0,"Current",IF(J98<=30,"1-30 days",IF(J98<=60,"31-60 days",IF(J98<=90,"61-90 days","90+ days")))) -> 1-30 days
A99: INV-1097 | B99: Customer 021 | C99: 2026-05-30 | D99: 2026-07-14 | E99: 45 | F99: 7383.71 | H99: =IF(G99="","Open","Paid") -> Open | I99: =IF(G99="","",DATEVALUE(G99)-DATEVALUE(C99)) | J99: =IF(G99="",TODAY()-DATEVALUE(D99),DATEVALUE(G99)-DATEVALUE(D99)) -> -11 | K99: =IF(J99<=0,"Current",IF(J99<=30,"1-30 days",IF(J99<=60,"31-60 days",IF(J99<=90,"61-90 days","90+ days")))) -> Current
A100: INV-1098 | B100: Customer 001 | C100: 2026-05-19 | D100: 2026-06-18 | E100: 30 | F100: 2008.4 | G100: 2026-06-10 | H100: =IF(G100="","Open","Paid") -> Paid | I100: =IF(G100="","",DATEVALUE(G100)-DATEVALUE(C100)) -> 22 | J100: =IF(G100="",TODAY()-DATEVALUE(D100),DATEVALUE(G100)-DATEVALUE(D100)) -> -8 | K100: =IF(J100<=0,"Current",IF(J100<=30,"1-30 days",IF(J100<=60,"31-60 days",IF(J100<=90,"61-90 days","90+ days")))) -> Current
A101: INV-1099 | B101: Customer 037 | C101: 2025-07-15 | D101: 2025-08-29 | E101: 45 | F101: 3473.44 | G101: 2025-08-16 | H101: =IF(G101="","Open","Paid") -> Paid | I101: =IF(G101="","",DATEVALUE(G101)-DATEVALUE(C101)) -> 32 | J101: =IF(G101="",TODAY()-DATEVALUE(D101),DATEVALUE(G101)-DATEVALUE(D101)) -> -13 | K101: =IF(J101<=0,"Current",IF(J101<=30,"1-30 days",IF(J101<=60,"31-60 days",IF(J101<=90,"61-90 days","90+ days")))) -> Current
A102: INV-1100 | B102: Customer 006 | C102: 2025-08-04 | D102: 2025-09-18 | E102: 45 | F102: 2336.89 | G102: 2025-09-27 | H102: =IF(G102="","Open","Paid") -> Paid | I102: =IF(G102="","",DATEVALUE(G102)-DATEVALUE(C102)) -> 54 | J102: =IF(G102="",TODAY()-DATEVALUE(D102),DATEVALUE(G102)-DATEVALUE(D102)) -> 9 | K102: =IF(J102<=0,"Current",IF(J102<=30,"1-30 days",IF(J102<=60,"31-60 days",IF(J102<=90,"61-90 days","90+ days")))) -> 1-30 days
A103: INV-1101 | B103: Customer 037 | C103: 2025-10-19 | D103: 2025-11-18 | E103: 30 | F103: 4955 | G103: 2025-11-16 | H103: =IF(G103="","Open","Paid") -> Paid | I103: =IF(G103="","",DATEVALUE(G103)-DATEVALUE(C103)) -> 28 | J103: =IF(G103="",TODAY()-DATEVALUE(D103),DATEVALUE(G103)-DATEVALUE(D103)) -> -2 | K103: =IF(J103<=0,"Current",IF(J103<=30,"1-30 days",IF(J103<=60,"31-60 days",IF(J103<=90,"61-90 days","90+ days")))) -> Current
A104: INV-1102 | B104: Customer 047 | C104: 2026-03-26 | D104: 2026-04-25 | E104: 30 | F104: 3876.43 | G104: 2026-04-10 | H104: =IF(G104="","Open","Paid") -> Paid | I104: =IF(G104="","",DATEVALUE(G104)-DATEVALUE(C104)) -> 15 | J104: =IF(G104="",TODAY()-DATEVALUE(D104),DATEVALUE(G104)-DATEVALUE(D104)) -> -15 | K104: =IF(J104<=0,"Current",IF(J104<=30,"1-30 days",IF(J104<=60,"31-60 days",IF(J104<=90,"61-90 days","90+ days")))) -> Current
A105: INV-1103 | B105: Customer 017 | C105: 2025-07-13 | D105: 2025-08-27 | E105: 45 | F105: 5869.94 | G105: 2025-09-06 | H105: =IF(G105="","Open","Paid") -> Paid | I105: =IF(G105="","",DATEVALUE(G105)-DATEVALUE(C105)) -> 55 | J105: =IF(G105="",TODAY()-DATEVALUE(D105),DATEVALUE(G105)-DATEVALUE(D105)) -> 10 | K105: =IF(J105<=0,"Current",IF(J105<=30,"1-30 days",IF(J105<=60,"31-60 days",IF(J105<=90,"61-90 days","90+ days")))) -> 1-30 days
A106: INV-1104 | B106: Customer 015 | C106: 2025-09-20 | D106: 2025-10-20 | E106: 30 | F106: 6108.23 | G106: 2025-10-08 | H106: =IF(G106="","Open","Paid") -> Paid | I106: =IF(G106="","",DATEVALUE(G106)-DATEVALUE(C106)) -> 18 | J106: =IF(G106="",TODAY()-DATEVALUE(D106),DATEVALUE(G106)-DATEVALUE(D106)) -> -12 | K106: =IF(J106<=0,"Current",IF(J106<=30,"1-30 days",IF(J106<=60,"31-60 days",IF(J106<=90,"61-90 days","90+ days")))) -> Current
A107: INV-1105 | B107: Customer 014 | C107: 2025-10-13 | D107: 2025-11-12 | E107: 30 | F107: 820.43 | G107: 2025-12-15 | H107: =IF(G107="","Open","Paid") -> Paid | I107: =IF(G107="","",DATEVALUE(G107)-DATEVALUE(C107)) -> 63 | J107: =IF(G107="",TODAY()-DATEVALUE(D107),DATEVALUE(G107)-DATEVALUE(D107)) -> 33 | K107: =IF(J107<=0,"Current",IF(J107<=30,"1-30 days",IF(J107<=60,"31-60 days",IF(J107<=90,"61-90 days","90+ days")))) -> 31-60 days
A108: INV-1106 | B108: Customer 014 | C108: 2026-01-18 | D108: 2026-03-19 | E108: 60 | F108: 4786.39 | G108: 2026-03-13 | H108: =IF(G108="","Open","Paid") -> Paid | I108: =IF(G108="","",DATEVALUE(G108)-DATEVALUE(C108)) -> 54 | J108: =IF(G108="",TODAY()-DATEVALUE(D108),DATEVALUE(G108)-DATEVALUE(D108)) -> -6 | K108: =IF(J108<=0,"Current",IF(J108<=30,"1-30 days",IF(J108<=60,"31-60 days",IF(J108<=90,"61-90 days","90+ days")))) -> Current
A109: INV-1107 | B109: Customer 007 | C109: 2026-03-23 | D109: 2026-05-22 | E109: 60 | F109: 9205.59 | G109: 2026-05-22 | H109: =IF(G109="","Open","Paid") -> Paid | I109: =IF(G109="","",DATEVALUE(G109)-DATEVALUE(C109)) -> 60 | J109: =IF(G109="",TODAY()-DATEVALUE(D109),DATEVALUE(G109)-DATEVALUE(D109)) -> 0 | K109: =IF(J109<=0,"Current",IF(J109<=30,"1-30 days",IF(J109<=60,"31-60 days",IF(J109<=90,"61-90 days","90+ days")))) -> Current
A110: INV-1108 | B110: Customer 015 | C110: 2026-05-26 | D110: 2026-07-10 | E110: 45 | F110: 3474.35 | G110: 2026-06-24 | H110: =IF(G110="","Open","Paid") -> Paid | I110: =IF(G110="","",DATEVALUE(G110)-DATEVALUE(C110)) -> 29 | J110: =IF(G110="",TODAY()-DATEVALUE(D110),DATEVALUE(G110)-DATEVALUE(D110)) -> -16 | K110: =IF(J110<=0,"Current",IF(J110<=30,"1-30 days",IF(J110<=60,"31-60 days",IF(J110<=90,"61-90 days","90+ days")))) -> Current
...

Sheet Aging Analysis
A1: Open AR — Aging Analysis
A3: Bucket | B3: Open Amount ($) | C3: % of Open AR
A4: Current | B4: =SUMIFS('Invoice Ledger'!F2:F421,'Invoice Ledger'!H2:H421,"Open",'Invoice Ledger'!K2:K421,A4) -> 153071.84 | C4: =B4/SUM($B$4:$B$8) -> 0.62924767
A5: 1-30 days | B5: =SUMIFS('Invoice Ledger'!F2:F421,'Invoice Ledger'!H2:H421,"Open",'Invoice Ledger'!K2:K421,A5) -> 57180.51 | C5: =B5/SUM($B$4:$B$8) -> 0.23505762
A6: 31-60 days | B6: =SUMIFS('Invoice Ledger'!F2:F421,'Invoice Ledger'!H2:H421,"Open",'Invoice Ledger'!K2:K421,A6) -> 17142.76 | C6: =B6/SUM($B$4:$B$8) -> 0.070470453
A7: 61-90 days | B7: =SUMIFS('Invoice Ledger'!F2:F421,'Invoice Ledger'!H2:H421,"Open",'Invoice Ledger'!K2:K421,A7) -> 15866.56 | C7: =B7/SUM($B$4:$B$8) -> 0.06522425
A8: 90+ days | B8: =SUMIFS('Invoice Ledger'!F2:F421,'Invoice Ledger'!H2:H421,"Open",'Invoice Ledger'!K2:K421,A8) -> 0 | C8: =B8/SUM($B$4:$B$8) -> 0
A9: Total Open AR | B9: =SUM(B4:B8) -> 243261.67
